{
    "FERMIFIT": {
        "LEDPINs": [],
        "RunNumber": [],
        "c1Mu": [],
        "V": [],
        "Date": [],
        "c1Mu_unc": [],
        "c1Mu_StdErr": [],
        "Channel": [],
        "LEDsOn": []
    },
    "EXP2SPE": {
        "Channel": [
            332,
            334,
            335,
            336,
            338,
            339,
            340,
            344,
            347,
            348,
            350,
            351
        ],
        "PV": [
            4801.0,
            0.33083912346338856,
            426.0,
            1763.2,
            Infinity,
            1.586704871060172,
            Infinity,
            0.01972057285705951,
            13520.999999999998,
            3854.4999999999995,
            2547.25,
            2875.666666666667
        ],
        "PV_unc": [
            9801.519788799758,
            0.010888746692337286,
            62.905875156690115,
            1139.049546448964,
            Infinity,
            0.020658850428122717,
            Infinity,
            0.00038874298155441514,
            33803.57814368897,
            7868.497090744617,
            2184.6099844510145,
            5871.128151730751
        ],
        "c1Height": [
            1875.097871273477,
            1212.8964682047165,
            1889.47722589263,
            1667.4273317405462,
            2445.8369820914913,
            1739.7379608237813,
            2044.867782840678,
            2101.0562549108,
            2665.446058104948,
            1096.7478408097734,
            1318.8692048614705,
            1705.0425079755057
        ],
        "c1Mu": [
            0.0013271443388362305,
            0.0015254903621781254,
            0.0013455127395659873,
            0.0012182293645305383,
            0.0012006676792300898,
            0.0010809435190770424,
            0.0012060744692153546,
            0.001597564061354634,
            0.0015180071766669725,
            0.0014708204696310917,
            0.0013506046446117577,
            0.0014548390136793089
        ],
        "c1Sigma": [
            0.0005122753658040954,
            0.0005451876595302096,
            0.0005622290095411522,
            0.00044107850618215876,
            0.0004263513570234422,
            0.0003810562681504644,
            0.0004425046910485921,
            0.0005725082485100986,
            0.0005222824203154368,
            0.0006329552689654273,
            0.000490122408651387,
            0.00045767857376395284
        ],
        "c2HScale": [
            0.49999999989693644,
            0.49999999999999994,
            0.49999999999999994,
            0.49999999999999994,
            0.49999999999999994,
            0.49999999999859035,
            0.31758194009973817,
            0.49999999999999994,
            0.49999999999997974,
            0.4891925442241309,
            0.4999999999700225,
            0.49999999999999994
        ],
        "c2MScale": [
            0.15601165075386966,
            0.4598330549220955,
            0.16565853714084128,
            0.3400005476910412,
            0.45284780788325524,
            0.9999999999902862,
            0.3945059373687844,
            0.5281872946269185,
            0.2631715976976926,
            0.8968451761092255,
            0.9999999999999999,
            0.35424989916028826
        ],
        "c2SScale": [
            0.7405653075970196,
            0.6787530451475153,
            0.7250718854578398,
            0.7769233364343144,
            0.6812607713073621,
            0.7233830687485968,
            0.5814384561879242,
            0.9999999999999998,
            0.7382571173957153,
            0.9998415647810888,
            0.7396852033805087,
            0.754402187666902
        ],
        "SCScale": [
            0.008712964476056392,
            0.007223872151355405,
            0.012688134172247546,
            0.008202681041990777,
            0.014605283707140064,
            0.008140506689022503,
            0.009517567641645066,
            0.03297485675949626,
            0.01615755214021921,
            0.007722466281571013,
            0.006656554261140367,
            0.0069968386578015355
        ],
        "c1Height_unc": [
            15.574788093642699,
            36.89665867545805,
            23.839805388934682,
            41.76525635934655,
            45.28503044604986,
            295.165517421166,
            16.88560720554434,
            147.53467360970774,
            21.47924079255048,
            12069.764475395277,
            291.3084792401838,
            15.80988760663014
        ],
        "c1Mu_unc": [
            9.291899897789078e-06,
            2.527574568314153e-05,
            1.3045621919426036e-05,
            1.5875329392251003e-05,
            1.318142440206464e-05,
            2.687654182291436e-05,
            8.31688798923052e-06,
            3.5899909575149896e-05,
            8.286841900706981e-06,
            0.0020085156282455374,
            2.920022210445438e-05,
            9.333628874525527e-06
        ],
        "c1Sigma_unc": [
            4.213755236401276e-06,
            8.930236883801407e-06,
            5.164003370279999e-06,
            5.4544152566407e-06,
            4.8394508317999015e-06,
            1.485539840885674e-05,
            3.955076702283977e-06,
            1.908883031154069e-05,
            3.7815767594279532e-06,
            0.00025286555322711664,
            2.011247918876024e-05,
            4.364146952136703e-06
        ],
        "c2HScale_unc": [
            0.06227588146884407,
            0.17744687151981792,
            0.13857948795922226,
            0.13994109283793082,
            0.05457234761828881,
            0.2548613302319546,
            0.028524520694750477,
            0.06658393246563199,
            0.05099958519406809,
            15.308160965585454,
            0.329975552903772,
            0.016122437571342275
        ],
        "c2MScale_unc": [
            0.06713523649704284,
            0.0864335599230176,
            0.12998270215449556,
            0.10870340414222895,
            0.031702872805184086,
            0.04720831058072928,
            0.03167258004764341,
            0.0708334138480951,
            0.045618823138600606,
            6.180618797587853,
            0.045648161894012974,
            0.011637236332513323
        ],
        "c2SScale_unc": [
            0.11057396934433288,
            0.14679845790003743,
            0.1533057285457567,
            0.1726747856313782,
            0.07411965012758748,
            0.037921798178947086,
            0.07513632640028216,
            0.23504712981637063,
            0.0815668417315651,
            1.0593011130089383,
            0.04368302193769243,
            0.05615503137591599
        ],
        "SCScale_unc": [
            0.00025600721912549785,
            0.00032033281963594624,
            0.0003320102019296803,
            0.0002731404357411247,
            0.0003663996380088116,
            0.000590704963861093,
            0.00026822436872473576,
            0.001813469070022738,
            0.00030403715062730387,
            0.049893682839919844,
            0.0005642019778153829,
            0.00022583409906338876
        ],
        "CExp": [
            1.9831260276880789,
            412.7300726012432,
            2.273596181978371,
            27.046134532166555,
            27.136041399695088,
            540.829324359495,
            22.874646323405866,
            133.44932427738345,
            40.14285296651159,
            85.65217312318642,
            343.9735739035123,
            10.60322557729814
        ],