{
    "PedParams": [10000,0.00001,0.0001],
    "PedFitRange": [0,0.0003],
    "GaussDepInitParams":[300,0.001,0.0001,0.5,2,1.41],
    "GaussDepLB": [0, 0, 0, 0, 1.5, 1],
    "GaussDepUB": [1E3, 0.001, 0.001, 1, 2.5, 2],
    "SPEInitParams":[300,0.001,0.0001,0.5,0.5,2],
    "SPELB": [0, 0, 0, 0, 0, 1],
    "SPEUB": [1E3, 0.003, 0.001, 1, 1, 2],
    "SPE2PeaksInitParams":[300,0.001,0.0005,0.5,0.5,1.5,0.1],
    "SPE2PeaksLB": [0, 0, 0, 0, 0, 1, 0],
    "SPE2PeaksUB": [1E4, 0.003, 0.001, 0.5, 1, 2, 0.3],
    "EXP2SPEInitParams":[300,0.001,0.0005,0.5,0.5,1,0.1,100,0.00002,0.0002],
    "EXP2SPELB": [0, 0, 0, 0, 0, 0.5, 0,0,0.00001,0.000],
    "EXP2SPEUB": [1E4, 0.006, 0.001, 0.5, 1, 1.0, 0.3,1E4,0.001,0.0015],
    "EXP3SPEInitParams":[300,0.001,0.0005,0.5,0.5,1,0.1,100,0.00002,0.0002,0.1],
    "EXP3SPELB": [0, 0, 0, 0, 0, 0.5, 0,0,0.00001,0,0],
    "EXP3SPEUB": [1E4, 0.006, 0.001, 0.5, 1, 1.0, 0.6,1E4,0.001,0.001,1],
    "SPE3PeaksInitParams":[300,0.001,0.0005,0.5,0.5,1.5,0.1,0.05],
    "SPE3PeaksLB": [0, 0, 0, 0, 0.25, 1, 0,0],
    "SPE3PeaksUB": [1E4, 0.003, 0.001, 0.5, 1, 2, 0.3,0.3]
}
