{
    "EXP2SPE": {
        "Channel": [
            341,
            383,
            355,
            394,
            420
        ],
        "PV": [
            5647.999999999999,
            3628.5,
            0.0074199504503519404,
            7220.0,
            0.07540556690181668
        ],
        "PV_unc": [
            11529.326074196011,
            4849.4196399334405,
            0.0005405807348990621,
            9025.696346592602,
            0.000878498628844956
        ],
        "c1Height": [
            2181.0728187407435,
            2862.7590465792077,
            207.4402054463447,
            2806.1270468967923,
            2251.761170321871
        ],
        "c1Mu": [
            0.0015105627755454378,
            0.0014294224238421288,
            0.0011945417372506459,
            0.00140518024212889,
            0.0017966231853499151
        ],
        "c1Sigma": [
            0.0004976477541048559,
            0.0003911451488720477,
            0.0009999999999997897,
            0.0005992330987073203,
            0.0006983901809451357
        ],
        "c2HScale": [
            0.4999999999993998,
            0.47825533001810705,
            0.49999999999999994,
            0.49999999999998257,
            0.49999999999999994
        ],
        "c2MScale": [
            0.16436988612475364,
            0.3862089076448555,
            0.8571867644232605,
            0.9999999999999999,
            0.9999999999999999
        ],
        "c2SScale": [
            0.9782612384300036,
            0.6685143353170298,
            0.5000000000000001,
            0.6605827575249277,
            0.7313061265678719
        ],
        "SCScale": [
            0.010001141367389036,
            0.01651764082426236,
            0.20430650004671685,
            0.02183454490869137,
            0.022390607465531703
        ],
        "c1Height_unc": [
            25.71212488098782,
            12.029818115091892,
            53.93125108209892,
            165.61773126676115,
            249.99673379555273
        ],
        "c1Mu_unc": [
            9.914145072077108e-06,
            3.5267978907554814e-06,
            0.0002899616280886378,
            2.3111668598289806e-05,
            3.631355622828959e-05
        ],
        "c1Sigma_unc": [
            3.814002117100983e-06,
            2.142317410769383e-06,
            0.0001229792011725807,
            1.396093795373744e-05,
            2.2594581091362373e-05
        ],
        "c2HScale_unc": [
            0.033890053940913864,
            0.0100212368416657,
            0.3124096259180499,
            0.08854186011261378,
            0.16545826730246657
        ],
        "c2MScale_unc": [
            0.04639349458275395,
            0.008843717165610035,
            0.28186051587594246,
            0.030784632140868035,
            0.044699418621569204
        ],
        "c2SScale_unc": [
            0.12276689940123643,
            0.03137253053011318,
            0.1512959880094644,
            0.019750411497097217,
            0.033859940627441604
        ],
        "SCScale_unc": [
            0.00022017263895356145,
            0.0002524162484748771,
            0.09847646712853415,
            0.0006220393598772424,
            0.0013095136883302463
        ],
        "CExp": [
            70.34570910048092,
            116.64605500943358,
            110.67912778043798,
            249.78242405571632,
            463.70074533579003
        ],
        "f_mu": [
            4.189451198643176e-05,
            7.686116513154751e-05,
            0.0002963396214182672,
            0.0003020962120809557,
            0.0002645390545973277
        ],
        "tau": [
            0.00036601034179961346,
            0.0004685920794480572,
            0.0008994668933842449,
            0.0009017165823382798,
            0.001044472331163917
        ],
        "CExp_unc": [
            3.484319245574056e-07,
            2.5963477924338213e-07,
            2.6414438137698656e-07,
            6.983796820970732e-06,
            8.398258226639097e-06
        ],
        "f_mu_unc": [
            4.303275983551665e-06,
            7.451912473426143e-06,
            5.4295966418829614e-05,
            2.599594074097609e-05,
            7.903185436908996e-06
        ],
        "tau_unc": [
            1.3049272811752831e-05,
            2.2777978280421927e-05,
            0.0001353727703906145,
            5.969204321819022e-05,
            2.024044763135109e-05
        ]
    }
}
