{
    "FERMIFIT": {
        "LEDPINs": [],
        "RunNumber": [],
        "c1Mu": [],
        "V": [],
        "Date": [],
        "c1Mu_unc": [],
        "c1Mu_StdErr": [],
        "Channel": [],
        "LEDsOn": []
    },
    "EXP2SPE": {
        "Channel": [
            371,
            339,
            366
        ],
        "PV": [
            1.174496644295302,
            1.0752246078879244,
            0.6896408238591849
        ],
        "PV_unc": [
            0.10724124020630953,
            0.01881077489350847,
            1.1334654840772565e-05
        ],
        "c1Height": [
            450.8955885885114,
            1443.0302763886932,
            2112.3126804787994
        ],
        "c1Mu": [
            0.0015030634827354415,
            0.0009842697147362345,
            0.0001256522038242628
        ],
        "c1Sigma": [
            0.0009999999999847733,
            0.0003252734248001058,
            0.0005073881443154048
        ],
        "c2HScale": [
            0.4999999999995865,
            0.49999999999999994,
            0.4968716323352969
        ],
        "c2MScale": [
            0.027075992958189986,
            0.45412490974384556,
            0.3542100429880933
        ],
        "c2SScale": [
            0.500000000000317,
            0.5000000000000061,
            0.7521704452508272
        ],
        "SCScale": [
            0.020286180079477613,
            0.010368758649310505,
            0.14374557706632754
        ],
        "c1Height_unc": [
            6.905380002327029,
            9.821364753854215,
            2012.2553067085948
        ],
        "c1Mu_unc": [
            3.9972102256961e-05,
            5.309216165284677e-06,
            0.001235591937097294
        ],
        "c1Sigma_unc": [
            1.975622069013424e-05,
            2.98269289459244e-06,
            0.00030581665153776687
        ],
        "c2HScale_unc": [
            0.1724932082510017,
            0.0537191498887247,
            1.7770856136509654
        ],
        "c2MScale_unc": [
            0.1875669219766441,
            0.02417002941636177,
            10.370763386764883
        ],
        "c2SScale_unc": [
            0.15612035429492682,
            0.04884679469840512,
            0.951315628269991
        ],
        "SCScale_unc": [
            0.0013415431395697095,
            0.0003141338377984152,
            0.5566878506941396
        ],
        "CExp": [
            759.6274119690735,
            30.554024351919274,
            94.17966356646168
        ],
        "f_mu": [
            3.464717230790109e-05,
            7.91353491421414e-05,
            0.00010597237693281997
        ],
        "tau": [
            0.00021714994125936584,
            0.0006780902488080768,
            0.0006944034349742637
        ],
        "CExp_unc": [
            1.7245202878942246e-09,
            2.7129765964611814e-08,
            0.002716116948116632
        ],
        "f_mu_unc": [
            1.7683571996557519e-06,
            2.7352360579724374e-06,
            2.469689322271654e-05
        ],
        "tau_unc": [
            1.7164228667328753e-06,
            1.6319743629687258e-05,
            0.0001564721391913665
        ]
    }
}