{
    "FERMIFIT": {
        "LEDPINs": [],
        "RunNumber": [],
        "c1Mu": [],
        "V": [],
        "Date": [],
        "c1Mu_unc": [],
        "c1Mu_StdErr": [],
        "Channel": [],
        "LEDsOn": []
    },
    "EXP2SPE": {
        "Channel": [
            332,
            334,
            335,
            336,
            338,
            340,
            341,
            344,
            347,
            348,
            350,
            351
        ],
        "PV": [
            1.6192183578343495,
            0.981636510937078,
            1.336397586900316,
            1.1654025670945156,
            1.055652607936112,
            1.5480900409276943,
            1.774441340782123,
            1.006063432835821,
            1.5247040658775088,
            1.3806623524933384,
            2.180510440835267,
            1.6405175899716942
        ],
        "PV_unc": [
            0.06413596311310447,
            0.022914777464681072,
            0.050743841370982735,
            0.07707168287821027,
            0.08794936001402923,
            0.08967317534692051,
            0.04439875908876137,
            0.04279121626439726,
            0.04368310719192547,
            0.04589624049329151,
            0.0919499658589477,
            0.0528138621399552
        ],
        "c1Height": [
            870.85368859335,
            473.5577894060971,
            895.3004727058373,
            805.8493195889553,
            855.1452374973335,
            893.8218655275032,
            999.6873229702849,
            815.8805286583912,
            1150.8556041427728,
            737.469966961122,
            905.9830022903293,
            806.2870892438417
        ],
        "c1Mu": [
            0.0012470087597529894,
            0.0008380000186397133,
            0.0012208212975441202,
            0.0010934383374797058,
            0.0012683400175573477,
            0.0011108257023110597,
            0.001411512885397026,
            0.0008871600730762583,
            0.0014500187389456809,
            0.0014184625638908397,
            0.0012499615394628712,
            0.0013307689377572121
        ],
        "c1Sigma": [
            0.00045853487623923495,
            0.0008755353458250057,
            0.0005079088614778909,
            0.00042660859326153336,
            0.0005914395639231676,
            0.00042845102916500173,
            0.00046397481606657627,
            0.0009155758801180498,
            0.0005137534996824868,
            0.0005163844995462774,
            0.00040930203251637653,
            0.00041506528123653146
        ],
        "c2HScale": [
            0.49999999999993683,
            0.49999999586699956,
            0.49999999999999994,
            0.49999999999999994,
            0.49999999999999994,
            0.4999999999998515,
            0.4999999999999281,
            0.49999999999999994,
            0.49999999999999994,
            0.4999999999711507,
            0.3714898337267328,
            0.49999999999999994
        ],
        "c2MScale": [
            0.17563034306701986,
            0.753144562546708,
            0.2715500489705825,
            0.37190849966286615,
            0.3220617029479787,
            0.10430678157774363,
            0.16071255600922382,
            0.9999996622703896,
            0.2573852543150891,
            0.1843298351932248,
            0.24453131306123316,
            0.2659616909953985
        ],
        "c2SScale": [
            0.7207873483974087,
            0.999999962142314,
            0.5000000000000001,
            0.5000000000000386,
            0.500000000000773,
            0.8107154703726407,
            0.8619206638453426,
            0.6210123404440757,
            0.6306079979580909,
            0.8344184623930566,
            0.6122071151304237,
            0.8611115144478242
        ],
        "SCScale": [
            0.009639910190976205,
            0.05319813194649572,
            0.01652814984053349,
            0.010023792446450595,
            0.015965943983665267,
            0.01603093179472014,
            0.013136032888116095,
            0.05799353137699496,
            0.02057042220680829,
            0.010030194688677841,
            0.010924042598787523,
            0.00883247506029105
        ],
        "c1Height_unc": [
            7.356585794735555,
            52815.67135996501,
            6.8011101456526175,
            5.790646175636364,
            8.476338553084831,
            14.670693574739056,
            8.396059544970347,
            190.11463483261105,
            7.810188591350545,
            13.152317880871172,
            5.1943259254060905,
            9.101452381070315
        ],
        "c1Mu_unc": [
            9.214774377423713e-06,
            0.029964495453969467,
            9.991423215429129e-06,
            7.721065552390138e-06,
            1.5426652832708998e-05,
            1.3379979964252417e-05,
            8.691363186310797e-06,
            0.00040411419866055303,
            8.08664620025614e-06,
            1.8118345092905225e-05,
            4.910866407658184e-06,
            1.0154927150839953e-05
        ],
        "c1Sigma_unc": [
            4.633678916239012e-06,
            0.003399332113241764,
            5.9774222351318695e-06,
            4.221486914132543e-06,
            8.054696175087792e-06,
            5.4207518654179125e-06,
            4.172998053964876e-06,
            0.0001957156852744323,
            4.521728989339035e-06,
            7.564058220209533e-06,
            3.1769707317241175e-06,
            4.796520396798101e-06
        ],
        "c2HScale_unc": [
            0.055298832271096963,
            154.34079215162802,
            0.046162654851149246,
            0.042085177258061754,
            0.0422954959143643,
            0.20804870048832844,
            0.03557967186304243,
            0.43603027946710066,
            0.03603040756135471,
            0.05759279155923993,
            0.024021155681994418,
            0.01640713432561183
        ],
        "c2MScale_unc": [
            0.06005463921462636,
            149.28736111251055,
            0.039406819858229865,
            0.028658843204214274,
            0.03203110882534031,
            0.20765379183049787,
            0.04642798825312733,
            0.8041854890198509,
            0.033358104442259666,
            0.06867218874815309,
            0.032738422946787804,
            0.018681485845567374
        ],
        "c2SScale_unc": [
            0.11213417509403294,
            11.07970313484524,
            0.06686145367607597,
            0.052662101843263566,
            0.058999312231725165,
            0.25141284102979955,
            0.11003452680868524,
            0.21076298151944695,
            0.06629515046754621,
            0.16827544034900316,
            0.07367952584799392,
            0.08810923698912759
        ],
        "SCScale_unc": [
            0.000352137999597694,
            3.7271432520510444,
            0.0006496667370226031,
            0.00037039340639032455,
            0.0006634608624740992,
            0.0005365225932131259,
            0.00034970741621179175,
            0.02421895296397171,
            0.0004983581415996667,
            0.00043244012839148605,
            0.00035809748482987176,
            0.0003273466291928458
        ],
        "CExp": [
            836.5222412151015,
            798.498152029858,
            844.6204477251724,
            172.23431362188379,
            68.98210785335701,
            86.07462020528658,
            704.4607914968988,
            114.43724803453992,
            905.7140865418277,
            850.3665287778292,
            701.8087809637215,
            283.39318959934917
        ],